Postcode,County
AB10,Aberdeenshire
AB11,Aberdeenshire
AB12,Aberdeenshire
AB13,Aberdeenshire
AB14,Aberdeenshire
AB15,Aberdeenshire
AB16,Aberdeenshire
AB21,Aberdeenshire
AB22,Aberdeenshire
AB23,Aberdeenshire
AB24,Aberdeenshire
AB25,Aberdeenshire
AB30,Kincardineshire
AB31,Kincardineshire
AB32,Aberdeenshire
AB33,Aberdeenshire
AB34,Aberdeenshire
AB35,Aberdeenshire
AB36,Aberdeenshire
AB37,Banffshire
AB38,Banffshire
AB39,Kincardineshire
AB41,Aberdeenshire
AB42,Aberdeenshire
AB43,Aberdeenshire
AB44,Banffshire
AB45,Aberdeenshire
AB51,Aberdeenshire
AB52,Aberdeenshire
AB53,Aberdeenshire
AB54,Aberdeenshire
AB55,Banffshire
AB56,Banffshire
AL1,Hertfordshire
AL10,Hertfordshire
AL2,Hertfordshire
AL3,Hertfordshire
AL4,Hertfordshire
AL5,Hertfordshire
AL6,Hertfordshire
AL7,Hertfordshire
AL8,Hertfordshire
AL9,Hertfordshire
B1,West Midlands
B10,West Midlands
B11,West Midlands
B12,West Midlands
B13,West Midlands
B14,West Midlands
B15,West Midlands
B16,West Midlands
B17,West Midlands
B18,West Midlands
B19,West Midlands
B2,West Midlands
B20,West Midlands
B21,West Midlands
B23,West Midlands
B24,West Midlands
B25,West Midlands
B26,West Midlands
B27,West Midlands
B28,West Midlands
B29,West Midlands
B3,West Midlands
B30,West Midlands
B31,West Midlands
B32,West Midlands
B33,West Midlands
B34,West Midlands
B35,West Midlands
B36,West Midlands
B37,West Midlands
B38,West Midlands
B4,West Midlands
B40,West Midlands
B42,West Midlands
B43,West Midlands
B44,West Midlands
B45,West Midlands
B46,West Midlands
B47,West Midlands
B48,West Midlands
B49,Warwickshire
B5,West Midlands
B50,Warwickshire
B6,West Midlands
B60,Worcestershire
B61,Worcestershire
B62,Worcestershire
B63,Worcestershire
B64,Staffordshire
B65,Staffordshire
B66,Staffordshire
B67,Staffordshire
B68,Worcestershire
B69,Worcestershire
B7,West Midlands
B70,Staffordshire
B71,Staffordshire
B72,Warwickshire
B73,Warwickshire
B74,Warwickshire
B75,Warwickshire
B76,Warwickshire
B77,Staffordshire
B78,Staffordshire
B79,Staffordshire
B8,West Midlands
B80,Warwickshire
B9,West Midlands
B90,Warwickshire
B91,Warwickshire
B92,Warwickshire
B93,Warwickshire
B94,Warwickshire
B95,West Midlands
B96,Worcestershire
B97,Worcestershire
B98,Worcestershire
B99,West Midlands
BA1,Somerset
BA10,Somerset
BA11,Somerset
BA12,Wiltshire
BA13,Wiltshire
BA14,Wiltshire
BA15,Wiltshire
BA16,Somerset
BA2,Somerset
BA20,Somerset
BA21,Somerset
BA22,Somerset
BA3,Somerset
BA4,Somerset
BA5,Somerset
BA6,Somerset
BA7,Somerset
BA8,Somerset
BA9,Somerset
BB1,Lancashire
BB10,Lancashire
BB11,Lancashire
BB12,Lancashire
BB18,Lancashire
BB2,Lancashire
BB3,Lancashire
BB4,Lancashire
BB5,Lancashire
BB6,Lancashire
BB7,Lancashire
BB8,Lancashire
BB9,Lancashire
BD1,West Yorkshire
BD10,West Yorkshire
BD11,West Yorkshire
BD12,West Yorkshire
BD13,West Yorkshire
BD14,West Yorkshire
BD15,West Yorkshire
BD16,West Yorkshire
BD17,West Yorkshire
BD18,West Yorkshire
BD19,West Yorkshire
BD2,West Yorkshire
BD20,West Yorkshire
BD21,West Yorkshire
BD22,West Yorkshire
BD23,North Yorkshire
BD24,North Yorkshire
BD3,West Yorkshire
BD4,West Yorkshire
BD5,West Yorkshire
BD6,West Yorkshire
BD7,West Yorkshire
BD8,West Yorkshire
BD9,West Yorkshire
BD97,West Yorkshire
BD98,West Yorkshire
BD99,West Yorkshire
BH1,Hampshire
BH10,Hampshire
BH11,Hampshire
BH12,Dorset
BH13,Dorset
BH14,Dorset
BH15,Dorset
BH16,Dorset
BH17,Dorset
BH18,Dorset
BH19,Dorset
BH2,Hampshire
BH20,Dorset
BH21,Dorset
BH22,Dorset
BH23,Hampshire
BH24,Hampshire
BH25,Hampshire
BH3,Hampshire
BH31,Dorset
BH4,Hampshire
BH5,Hampshire
BH6,Hampshire
BH7,Hampshire
BH8,Hampshire
BH9,Hampshire
BL0,Lancashire
BL1,Lancashire
BL2,Lancashire
BL3,Lancashire
BL4,Lancashire
BL5,Lancashire
BL6,Lancashire
BL7,Lancashire
BL78,Lancashire
BL8,Lancashire
BL9,Lancashire
BN1,Sussex
BN10,Sussex
BN11,Sussex
BN12,Sussex
BN13,Sussex
BN14,Sussex
BN15,Sussex
BN16,Sussex
BN17,Sussex
BN18,Sussex
BN2,Sussex
BN20,Sussex
BN21,Sussex
BN22,Sussex
BN23,Sussex
BN24,Sussex
BN25,Sussex
BN26,Sussex
BN27,Sussex
BN3,Sussex
BN41,Sussex
BN42,Sussex
BN43,Sussex
BN44,Sussex
BN45,Sussex
BN51,Sussex
BN52,Sussex
BN53,Sussex
BN5,Sussex
BN6,Sussex
BN7,Sussex
BN8,Sussex
BN9,Sussex
BR1,Kent
BR2,Kent
BR3,Kent
BR4,Kent
BR5,Kent
BR6,Kent
BR7,Kent
BR8,Kent
BS1,Gloucestershire
BS10,Gloucestershire
BS11,Gloucestershire
BS13,Gloucestershire
BS14,Gloucestershire
BS15,Gloucestershire
BS16,Gloucestershire
BS2,Gloucestershire
BS20,Gloucestershire
BS21,Somerset
BS22,Somerset
BS23,Somerset
BS24,Somerset
BS25,Somerset
BS26,Somerset
BS27,Somerset
BS28,Somerset
BS29,Somerset
BS3,Gloucestershire
BS30,Gloucestershire
BS31,Gloucestershire
BS32,Gloucestershire
BS34,Gloucestershire
BS35,Gloucestershire
BS36,Gloucestershire
BS37,Gloucestershire
BS39,Gloucestershire
BS4,Gloucestershire
BS40,Gloucestershire
BS41,Gloucestershire
BS48,Gloucestershire
BS49,Gloucestershire
BS5,Gloucestershire
BS6,Gloucestershire
BS7,Gloucestershire
BS8,Gloucestershire
BS9,Gloucestershire
BS99,Gloucestershire
BT1,County Antrim
BT10,County Antrim
BT11,County Antrim
BT12,County Antrim
BT13,County Antrim
BT14,County Antrim
BT15,County Antrim
BT16,County Antrim
BT17,County Antrim
BT18,County Down
BT19,County Down
BT2,County Antrim
BT20,County Down
BT21,County Down
BT22,County Down
BT23,County Down
BT24,County Down
BT25,County Down
BT26,County Down
BT27,County Antrim
BT28,County Antrim
BT29,County Antrim
BT3,County Antrim
BT30,County Down
BT31,County Down
BT32,County Down
BT33,County Down
BT34,County Down
BT35,County Down
BT36,County Antrim
BT37,County Antrim
BT38,County Antrim
BT39,County Antrim
BT4,County Antrim
BT40,County Antrim
BT41,County Antrim
BT42,County Antrim
BT43,County Antrim
BT44,County Antrim
BT45,County Londonderry
BT46,County Londonderry
BT47,County Londonderry
BT48,County Londonderry
BT49,County Londonderry
BT5,County Antrim
BT51,County Londonderry
BT52,County Londonderry
BT53,County Antrim
BT54,County Antrim
BT55,County Londonderry
BT56,County Antrim
BT57,County Antrim
BT6,County Antrim
BT60,County Armagh
BT61,County Armagh
BT62,County Armagh
BT63,County Armagh
BT64,County Armagh
BT65,County Armagh
BT66,County Armagh
BT67,County Armagh
BT68,County Tyrone
BT69,County Tyrone
BT7,County Antrim
BT70,County Tyrone
BT71,County Tyrone
BT74,County Fermanagh
BT75,County Tyrone
BT76,County Tyrone
BT77,County Tyrone
BT78,County Tyrone
BT79,County Tyrone
BT8,County Antrim
BT80,County Tyrone
BT81,County Tyrone
BT82,County Tyrone
BT9,County Antrim
BT92,County Fermanagh
BT93,County Fermanagh
BT94,County Fermanagh
CA1,Cumberland
CA10,Cumberland
CA11,Cumberland
CA12,Cumberland
CA13,Cumberland
CA14,Cumberland
CA15,Cumberland
CA16,Westmorland
CA17,Westmorland
CA18,Cumberland
CA19,Cumberland
CA2,Cumberland
CA20,Cumberland
CA21,Cumberland
CA22,Cumberland
CA23,Cumberland
CA24,Cumberland
CA25,Cumberland
CA26,Cumberland
CA27,Cumbria
CA28,Cumberland
CA3,Cumberland
CA4,Cumberland
CA5,Cumberland
CA6,Cumberland
CA7,Cumberland
CA8,Cumberland
CA9,Cumberland
CB1,Cambridgeshire
CB10,Essex
CB11,Essex
CB2,Cambridgeshire
CB3,Cambridgeshire
CB4,Cambridgeshire
CB5,Cambridgeshire
CB6,Cambridgeshire
CB7,Cambridgeshire
CB8,Suffolk
CB9,Suffolk
CF10,Glamorgan
CF11,Glamorgan
CF14,Glamorgan
CF15,Glamorgan
CF23,Glamorgan
CF24,Glamorgan
CF3,Glamorgan
CF31,Glamorgan
CF32,Glamorgan
CF33,Glamorgan
CF34,Glamorgan
CF35,Glamorgan
CF36,Glamorgan
CF37,Glamorgan
CF38,Glamorgan
CF39,Glamorgan
CF40,Glamorgan
CF41,Glamorgan
CF42,Glamorgan
CF43,Glamorgan
CF44,Glamorgan
CF45,Glamorgan
CF46,Glamorgan
CF47,Glamorgan
CF48,Glamorgan
CF5,Glamorgan
CF61,Glamorgan
CF62,Glamorgan
CF63,Glamorgan
CF64,Glamorgan
CF71,Glamorgan
CF72,Glamorgan
CF81,Glamorgan
CF82,Glamorgan
CF83,Glamorgan
CH1,Cheshire
CH2,Cheshire
CH3,Cheshire
CH4,Cheshire
CH41,Cheshire
CH42,Cheshire
CH43,Cheshire
CH44,Cheshire
CH45,Cheshire
CH46,Cheshire
CH47,Cheshire
CH48,Cheshire
CH49,Cheshire
CH5,Flintshire
CH6,Flintshire
CH60,Cheshire
CH61,Cheshire
CH62,Cheshire
CH63,Cheshire
CH64,Cheshire
CH65,Cheshire
CH66,Cheshire
CH7,Flintshire
CH8,Flintshire
CM0,Essex
CM1,Essex
CM11,Essex
CM12,Essex
CM13,Essex
CM14,Essex
CM15,Essex
CM16,Essex
CM17,Essex
CM18,Essex
CM19,Essex
CM2,Essex
CM20,Essex
CM21,Hertfordshire
CM22,Hertfordshire
CM23,Hertfordshire
CM24,Essex
CM3,Essex
CM4,Essex
CM5,Essex
CM6,Essex
CM7,Essex
CM8,Essex
CM9,Essex
CO1,Essex
CO10,Suffolk
CO11,Essex
CO12,Essex
CO13,Essex
CO14,Essex
CO15,Essex
CO16,Essex
CO2,Essex
CO3,Essex
CO4,Essex
CO5,Essex
CO6,Essex
CO7,Essex
CO8,Suffolk
CO9,Essex
CR0,Surrey
CR2,Surrey
CR3,Surrey
CR4,Surrey
CR5,Surrey
CR6,Surrey
CR7,Surrey
CR8,Surrey
CT1,Kent
CT10,Kent
CT11,Kent
CT12,Kent
CT13,Kent
CT14,Kent
CT15,Kent
CT16,Kent
CT17,Kent
CT18,Kent
CT19,Kent
CT2,Kent
CT20,Kent
CT21,Kent
CT3,Kent
CT4,Kent
CT5,Kent
CT6,Kent
CT7,Kent
CT8,Kent
CT9,Kent
CV1,West Midlands
CV10,Warwickshire
CV11,Warwickshire
CV12,Warwickshire
CV13,Warwickshire
CV2,West Midlands
CV21,Warwickshire
CV22,Warwickshire
CV23,Warwickshire
CV3,West Midlands
CV31,Warwickshire
CV32,Warwickshire
CV33,Warwickshire
CV34,Warwickshire
CV35,Warwickshire
CV36,Warwickshire
CV37,Warwickshire
CV4,West Midlands
CV47,Warwickshire
CV5,West Midlands
CV6,West Midlands
CV7,West Midlands
CV8,Warwickshire
CV9,Warwickshire
CW1,Cheshire
CW10,Cheshire
CW11,Cheshire
CW12,Cheshire
CW2,Cheshire
CW3,Cheshire
CW4,Cheshire
CW5,Cheshire
CW6,Cheshire
CW7,Cheshire
CW8,Cheshire
CW9,Cheshire
DA1,Kent
DA10,Kent
DA11,Kent
DA12,Kent
DA13,Kent
DA14,Kent
DA15,Kent
DA16,Kent
DA17,Kent
DA18,Kent
DA2,Kent
DA3,Kent
DA4,Kent
DA5,Kent
DA6,Kent
DA7,Kent
DA8,Kent
DA9,Kent
DD1,Angus
DD10,Angus
DD11,Angus
DD2,Angus
DD3,Angus
DD4,Angus
DD5,Angus
DD6,Fife
DD7,Angus
DD8,Angus
DD9,Angus
DE1,Derbyshire
DE11,Derbyshire
DE12,Derbyshire
DE13,Staffordshire
DE14,Staffordshire
DE15,Staffordshire
DE21,Derbyshire
DE22,Derbyshire
DE23,Derbyshire
DE24,Derbyshire
DE3,Derbyshire
DE4,Derbyshire
DE45,Derbyshire
DE5,Derbyshire
DE55,Derbyshire
DE56,Derbyshire
DE6,Derbyshire
DE65,Derbyshire
DE7,Derbyshire
DE72,Derbyshire
DE73,Derbyshire
DE74,Derbyshire
DE75,Derbyshire
DG1,Dumfries and Galloway
DG10,Dumfriesshire
DG11,Dumfriesshire
DG12,Dumfriesshire
DG13,Dumfriesshire
DG14,Dumfriesshire
DG16,Dumfriesshire
DG2,Dumfries and Galloway
DG3,Dumfriesshire
DG4,Dumfriesshire
DG5,Kirkcudbrightshire
DG6,Dumfries and Galloway
DG7,Kirkcudbrightshire
DG8,Wigtownshire
DG9,Wigtownshire
DH1,County Durham
DH2,County Durham
DH3,County Durham
DH4,County Durham
DH5,County Durham
DH6,County Durham
DH7,County Durham
DH8,County Durham
DH9,County Durham
DL1,County Durham
DL10,North Yorkshire
DL11,North Yorkshire
DL12,County Durham
DL13,County Durham
DL14,County Durham
DL15,County Durham
DL16,County Durham
DL17,County Durham
DL2,County Durham
DL3,County Durham
DL4,County Durham
DL5,County Durham
DL6,North Yorkshire
DL7,North Yorkshire
DL8,North Yorkshire
DL9,North Yorkshire
DN1,South Yorkshire
DN10,South Yorkshire
DN11,South Yorkshire
DN12,South Yorkshire
DN14,East Yorkshire
DN15,Lincolnshire
DN16,Lincolnshire
DN17,Lincolnshire
DN18,Lincolnshire
DN19,Lincolnshire
DN2,South Yorkshire
DN20,Lincolnshire
DN21,Lincolnshire
DN22,Nottinghamshire
DN3,South Yorkshire
DN31,Lincolnshire
DN32,Lincolnshire
DN33,Lincolnshire
DN34,Lincolnshire
DN35,Lincolnshire
DN36,Lincolnshire
DN37,Lincolnshire
DN38,Lincolnshire
DN39,Lincolnshire
DN4,South Yorkshire
DN40,Lincolnshire
DN41,Lincolnshire
DN5,South Yorkshire
DN6,South Yorkshire
DN7,South Yorkshire
DN8,South Yorkshire
DN9,South Yorkshire
DT1,Dorset
DT10,Dorset
DT11,Dorset
DT2,Dorset
DT3,Dorset
DT4,Dorset
DT5,Dorset
DT6,Dorset
DT7,Dorset
DT8,Dorset
DT9,Dorset
DY1,Worcestershire
DY10,Worcestershire
DY11,Worcestershire
DY12,Worcestershire
DY13,Worcestershire
DY14,Worcestershire
DY2,Worcestershire
DY3,Worcestershire
DY4,Staffordshire
DY5,Staffordshire
DY6,Staffordshire
DY7,Worcestershire
DY8,Worcestershire
DY9,Worcestershire
E1,London
E10,London
E11,London
E12,London
E13,London
E14,London
E15,London
E16,London
E17,London
E18,London
E1W,London
E2,London
E3,London
E4,London
E5,London
E6,London
E7,London
E8,London
E9,London
EC1,City of London
EC1A,City of London
EC1M,City of London
EC1N,City of London
EC1R,City of London
EC1V,City of London
EC1Y,City of London
EC2,City of London
EC2A,City of London
EC2M,City of London
EC2N,City of London
EC2R,City of London
EC2V,City of London
EC2Y,City of London
EC3,City of London
EC3A,City of London
EC3M,City of London
EC3N,City of London
EC3P,City of London
EC3R,City of London
EC3V,City of London
EC4,City of London
EC4A,City of London
EC4M,City of London
EC4N,City of London
EC4R,City of London
EC4V,City of London
EC4Y,City of London
EH1,Edinburgh
EH10,Edinburgh
EH11,Edinburgh
EH12,Edinburgh
EH13,Edinburgh
EH14,Midlothian
EH15,Edinburgh
EH16,Edinburgh
EH17,Edinburgh
EH18,Midlothian
EH19,Midlothian
EH2,Edinburgh
EH20,Midlothian
EH21,Midlothian
EH22,Midlothian
EH23,Midlothian
EH24,Midlothian
EH25,Midlothian
EH26,Midlothian
EH27,Midlothian
EH28,Midlothian
EH29,West Lothian
EH3,Edinburgh
EH30,West Lothian
EH31,East Lothian
EH32,East Lothian
EH33,East Lothian
EH34,East Lothian
EH35,East Lothian
EH36,East Lothian
EH37,Midlothian
EH38,Midlothian
EH39,East Lothian
EH4,Edinburgh
EH40,East Lothian
EH41,East Lothian
EH42,East Lothian
EH43,Peeblesshire
EH44,Peeblesshire
EH45,Tweeddale
EH46,Peeblesshire
EH47,West Lothian
EH48,West Lothian
EH49,West Lothian
EH5,Edinburgh
EH51,West Lothian
EH52,West Lothian
EH53,West Lothian
EH54,West Lothian
EH55,Midlothian
EH6,Edinburgh
EH7,Edinburgh
EH8,Edinburgh
EH9,Edinburgh
EN1,Middlesex
EN10,Hertfordshire
EN11,Hertfordshire
EN2,Middlesex
EN3,Middlesex
EN4,Hertfordshire
EN5,Hertfordshire
EN6,Middlesex
EN7,Hertfordshire
EN8,Hertfordshire
EN9,Essex
EX1,Devon
EX10,Devon
EX11,Devon
EX12,Devon
EX13,Devon
EX14,Devon
EX15,Devon
EX16,Devon
EX17,Devon
EX18,Devon
EX19,Devon
EX2,Devon
EX20,Devon
EX21,Devon
EX22,Devon
EX23,Cornwall
EX24,Devon
EX3,Devon
EX31,Devon
EX32,Devon
EX33,Devon
EX34,Devon
EX35,Devon
EX36,Devon
EX37,Devon
EX38,Devon
EX39,Devon
EX4,Devon
EX5,Devon
EX6,Devon
EX7,Devon
EX8,Devon
EX9,Devon
FK1,Stirlingshire
FK10,Clackmannanshire
FK11,Clackmannanshire
FK12,Clackmannanshire
FK13,Clackmannanshire
FK14,Clackmannanshire
FK15,Perthshire
FK16,Perthshire
FK17,Perthshire
FK18,Perthshire
FK19,Perthshire
FK2,Stirlingshire
FK20,Perthshire
FK21,Perthshire
FK3,Stirlingshire
FK4,Stirlingshire
FK5,Stirlingshire
FK6,Stirlingshire
FK7,Stirlingshire
FK8,Stirlingshire
FK9,Stirlingshire
FY1,Lancashire
FY2,Lancashire
FY3,Lancashire
FY4,Lancashire
FY5,Lancashire
FY6,Lancashire
FY7,Lancashire
FY8,Lancashire
G1,Lanarkshire
G11,Lanarkshire
G12,Lanarkshire
G13,Lanarkshire
G14,Lanarkshire
G15,Lanarkshire
G2,Lanarkshire
G20,Lanarkshire
G21,Lanarkshire
G22,Lanarkshire
G23,Lanarkshire
G3,Lanarkshire
G31,Lanarkshire
G32,Lanarkshire
G33,Lanarkshire
G34,Lanarkshire
G4,Lanarkshire
G40,Lanarkshire
G41,Lanarkshire
G42,Lanarkshire
G43,Lanarkshire
G44,Lanarkshire
G45,Lanarkshire
G46,Lanarkshire
G5,Lanarkshire
G51,Lanarkshire
G52,Lanarkshire
G53,Lanarkshire
G60,Lanarkshire
G61,Lanarkshire
G62,Lanarkshire
G63,Lanarkshire
G64,Lanarkshire
G65,Lanarkshire
G66,Lanarkshire
G67,Lanarkshire
G68,Lanarkshire
G69,Lanarkshire
G71,Lanarkshire
G72,Lanarkshire
G73,Lanarkshire
G74,Lanarkshire
G76,Lanarkshire
G77,Lanarkshire
G78,Lanarkshire
G81,Dunbartonshire
G82,Dunbartonshire
G83,Dunbartonshire
G84,Dunbartonshire
GL1,Gloucestershire
GL10,Gloucestershire
GL11,Gloucestershire
GL12,Gloucestershire
GL13,Gloucestershire
GL14,Gloucestershire
GL15,Gloucestershire
GL16,Gloucestershire
GL17,Gloucestershire
GL18,Gloucestershire
GL19,Gloucestershire
GL2,Gloucestershire
GL20,Gloucestershire
GL3,Gloucestershire
GL4,Gloucestershire
GL5,Gloucestershire
GL50,Gloucestershire
GL51,Gloucestershire
GL52,Gloucestershire
GL53,Gloucestershire
GL54,Gloucestershire
GL55,Gloucestershire
GL56,Gloucestershire
GL6,Gloucestershire
GL7,Gloucestershire
GL8,Gloucestershire
GL9,Gloucestershire
GU1,Surrey
GU10,Surrey
GU11,Hampshire
GU12,Hampshire
GU13,Hampshire
GU14,Hampshire
GU15,Surrey
GU16,Surrey
GU17,Surrey
GU18,Surrey
GU19,Surrey
GU2,Surrey
GU20,Surrey
GU21,Surrey
GU22,Surrey
GU23,Surrey
GU24,Surrey
GU25,Surrey
GU26,Surrey
GU27,Surrey
GU28,Sussex
GU29,Sussex
GU3,Surrey
GU30,Hampshire
GU31,Hampshire
GU32,Hampshire
GU33,Hampshire
GU34,Hampshire
GU35,Hampshire
GU4,Surrey
GU46,Hampshire
GU47,Berkshire
GU5,Surrey
GU51,Hampshire
GU52,Hampshire
GU6,Surrey
GU7,Surrey
GU8,Surrey
GU9,Surrey
HA0,Middlesex
HA1,Middlesex
HA2,Middlesex
HA3,Middlesex
HA4,Middlesex
HA5,Middlesex
HA6,Middlesex
HA7,Middlesex
HA8,Middlesex
HA9,Middlesex
HD1,West Yorkshire
HD2,West Yorkshire
HD3,West Yorkshire
HD4,West Yorkshire
HD5,West Yorkshire
HD6,West Yorkshire
HD7,West Yorkshire
HD8,West Yorkshire
HD9,West Yorkshire
HG1,North Yorkshire
HG2,North Yorkshire
HG3,North Yorkshire
HG4,North Yorkshire
HG5,North Yorkshire
HP1,Hertfordshire
HP10,Buckinghamshire
HP11,Buckinghamshire
HP12,Buckinghamshire
HP13,Buckinghamshire
HP14,Buckinghamshire
HP15,Buckinghamshire
HP16,Buckinghamshire
HP17,Buckinghamshire
HP18,Buckinghamshire
HP19,Buckinghamshire
HP2,Hertfordshire
HP20,Buckinghamshire
HP21,Buckinghamshire
HP22,Buckinghamshire
HP23,Hertfordshire
HP27,Buckinghamshire
HP3,Hertfordshire
HP4,Hertfordshire
HP5,Buckinghamshire
HP6,Buckinghamshire
HP7,Buckinghamshire
HP8,Buckinghamshire
HP9,Buckinghamshire
HR1,Herefordshire
HR2,Herefordshire
HR3,Herefordshire
HR4,Herefordshire
HR5,County of Herefordshire
HR6,County of Herefordshire
HR7,County of Herefordshire
HR8,County of Herefordshire
HR9,County of Herefordshire
HS1,Outer Hebrides
HS2,Ross-shire
HS3,Inverness-shire
HS4,Inverness-shire
HS5,Inverness-shire
HS6,Inverness-shire
HS7,Inverness-shire
HS8,Inverness-shire
HS9,Inverness-shire
HU1,East Yorkshire
HU10,East Yorkshire
HU11,East Yorkshire
HU12,East Yorkshire
HU13,East Yorkshire
HU14,East Yorkshire
HU15,East Yorkshire
HU16,East Yorkshire
HU17,East Yorkshire
HU18,East Yorkshire
HU19,East Yorkshire
HU2,East Yorkshire
HU20,East Yorkshire
HU3,East Yorkshire
HU4,East Yorkshire
HU5,East Yorkshire
HU6,East Yorkshire
HU7,East Yorkshire
HU8,East Yorkshire
HU9,East Yorkshire
HX1,West Yorkshire
HX2,West Yorkshire
HX3,West Yorkshire
HX4,West Yorkshire
HX5,West Yorkshire
HX6,West Yorkshire
HX7,West Yorkshire
IG1,Essex
IG10,Essex
IG11,Essex
IG2,Essex
IG3,Essex
IG4,Essex
IG5,Essex
IG6,Essex
IG7,Essex
IG8,Essex
IG9,Essex
IP1,Suffolk
IP10,Suffolk
IP11,Suffolk
IP12,Suffolk
IP13,Suffolk
IP14,Suffolk
IP15,Suffolk
IP16,Suffolk
IP17,Suffolk
IP18,Suffolk
IP19,Suffolk
IP2,Suffolk
IP20,Norfolk
IP21,Suffolk
IP22,Norfolk
IP23,Suffolk
IP24,Norfolk
IP25,Norfolk
IP26,Norfolk
IP27,Suffolk
IP28,Suffolk
IP29,Suffolk
IP3,Suffolk
IP30,Suffolk
IP31,Suffolk
IP32,Suffolk
IP33,Suffolk
IP4,Suffolk
IP5,Suffolk
IP6,Suffolk
IP7,Suffolk
IP8,Suffolk
IP9,Suffolk
IV1,Inverness-shire
IV10,Ross-shire
IV11,Highland
IV12,Highland
IV13,Inverness-shire
IV14,Ross-shire
IV15,Ross-shire
IV16,Ross-shire
IV17,Ross-shire
IV18,Ross-shire
IV19,Ross-shire
IV2,Inverness-shire
IV20,Ross-shire
IV21,Ross-shire
IV22,Ross-shire
IV23,Ross-shire
IV24,Ross-shire
IV25,Sutherland
IV26,Highland
IV27,Sutherland
IV28,Sutherland
IV3,Inverness-shire
IV30,Morayshire
IV31,Morayshire
IV32,Morayshire
IV36,Morayshire
IV4,Inverness-shire
IV40,Ross-shire
IV41,Inverness-shire
IV42,Inverness-shire
IV43,Inverness-shire
IV44,Inverness-shire
IV45,Inverness-shire
IV46,Inverness-shire
IV47,Inverness-shire
IV48,Inverness-shire
IV49,Inverness-shire
IV5,Inverness-shire
IV51,Highland
IV52,Ross-shire
IV53,Ross-shire
IV54,Ross-shire
IV55,Inverness-shire
IV56,Inverness-shire
IV6,Ross-shire
IV63,Inverness-shire
IV7,Ross-shire
IV8,Ross-shire
IV9,Ross-shire
KA1,Ayrshire
KA10,Ayrshire
KA11,Ayrshire
KA12,Ayrshire
KA13,Ayrshire
KA14,Ayrshire
KA15,Ayrshire
KA16,Ayrshire
KA17,Ayrshire
KA18,Ayrshire
KA19,Ayrshire
KA2,Ayrshire
KA20,Ayrshire
KA21,Ayrshire
KA22,Ayrshire
KA23,Ayrshire
KA24,Ayrshire
KA25,Ayrshire
KA26,Ayrshire
KA27,Buteshire
KA28,Buteshire
KA29,Ayrshire
KA3,Ayrshire
KA30,Ayrshire
KA4,Ayrshire
KA5,Ayrshire
KA6,South Ayrshire
KA7,South Ayrshire
KA8,South Ayrshire
KA9,Ayrshire
KT1,Surrey
KT10,Surrey
KT11,Surrey
KT12,Surrey
KT13,Surrey
KT14,Surrey
KT15,Surrey
KT16,Surrey
KT17,Surrey
KT18,Surrey
KT19,Surrey
KT2,Surrey
KT20,Surrey
KT21,Surrey
KT22,Surrey
KT23,Surrey
KT24,Surrey
KT3,Surrey
KT4,Surrey
KT5,Surrey
KT6,Surrey
KT7,Surrey
KT8,Surrey
KT9,Surrey
KW1,Caithness
KW10,Sutherland
KW11,Sutherland
KW12,Caithness
KW13,Sutherland
KW14,Caithness
KW15,Orkney
KW16,Orkney
KW17,Orkney
KW2,Caithness
KW3,Caithness
KW5,Caithness
KW6,Caithness
KW7,Caithness
KW8,Sutherland
KW9,Sutherland
KY1,Fife
KY10,Fife
KY11,Fife
KY12,Fife
KY13,Kinross-Shire
KY14,Fife
KY15,Fife
KY16,Fife
KY2,Fife
KY3,Fife
KY4,Fife
KY5,Fife
KY6,Fife
KY7,Fife
KY8,Fife
KY9,Fife
L1,Lancashire
L10,Lancashire
L11,Lancashire
L12,Lancashire
L13,Lancashire
L14,Lancashire
L15,Lancashire
L16,Lancashire
L17,Lancashire
L18,Lancashire
L19,Lancashire
L2,Lancashire
L20,Lancashire
L21,Lancashire
L22,Lancashire
L23,Lancashire
L24,Lancashire
L25,Lancashire
L26,Lancashire
L27,Lancashire
L28,Lancashire
L29,Lancashire
L3,Lancashire
L30,Lancashire
L31,Lancashire
L32,Lancashire
L33,Lancashire
L34,Lancashire
L35,Lancashire
L36,Lancashire
L37,Lancashire
L38,Lancashire
L39,Lancashire
L4,Lancashire
L40,Lancashire
L5,Lancashire
L6,Lancashire
L69,Lancashire
L7,Lancashire
L70,Lancashire
L8,Lancashire
L9,Lancashire
LA1,Lancashire
LA10,Cumbria
LA11,Lancashire
LA12,Lancashire
LA13,Lancashire
LA14,Lancashire
LA15,Lancashire
LA16,Lancashire
LA17,Lancashire
LA18,Cumberland
LA19,Cumberland
LA2,Lancashire
LA20,Lancashire
LA21,Lancashire
LA22,Westmorland
LA23,Westmorland
LA3,Lancashire
LA4,Lancashire
LA5,Lancashire
LA6,Lancashire
LA7,Westmorland
LA8,Westmorland
LA9,Westmorland
LD1,Radnorshire
LD2,Brecknockshire
LD3,Brecknockshire
LD4,Brecknockshire
LD5,Brecknockshire
LD6,Radnorshire
LD7,Radnorshire
LD8,Radnorshire
LE1,Leicestershire
LE10,Leicestershire
LE11,Leicestershire
LE12,Leicestershire
LE13,Leicestershire
LE14,Leicestershire
LE15,Rutland
LE16,Leicestershire
LE17,Leicestershire
LE18,Leicestershire
LE2,Leicestershire
LE3,Leicestershire
LE4,Leicestershire
LE5,Leicestershire
LE6,Leicestershire
LE65,Leicestershire
LE67,Leicestershire
LE7,Leicestershire
LE8,Leicestershire
LE9,Leicestershire
LL11,Denbighshire
LL12,Denbighshire
LL13,Denbighshire
LL14,Denbighshire
LL15,Denbighshire
LL16,Denbighshire
LL17,Clwyd
LL18,Flintshire
LL19,Flintshire
LL20,Denbighshire
LL21,Merioneth
LL22,Denbighshire
LL23,Merioneth
LL24,Caernarfonshire
LL25,Caernarfonshire
LL26,Denbighshire
LL27,Caernarfonshire
LL28,Denbighshire
LL29,Denbighshire
LL30,Caernarfonshire
LL31,Caernarfonshire
LL32,Caernarfonshire
LL33,Caernarfonshire
LL34,Caernarfonshire
LL35,Merioneth
LL36,Merioneth
LL37,Merioneth
LL38,Merioneth
LL39,Merioneth
LL40,Merioneth
LL41,Merioneth
LL42,Merioneth
LL43,Merioneth
LL44,Merioneth
LL45,Merioneth
LL46,Merioneth
LL47,Merioneth
LL48,Merioneth
LL49,Caernarfonshire
LL51,Caernarfonshire
LL52,Caernarfonshire
LL53,Caernarfonshire
LL54,Gwynedd
LL55,Gwynedd
LL56,Caernarfonshire
LL57,Caernarfonshire
LL58,Anglesey
LL59,Anglesey
LL60,Anglesey
LL61,Anglesey
LL62,Anglesey
LL63,Anglesey
LL64,Anglesey
LL65,Anglesey
LL66,Anglesey
LL67,Anglesey
LL68,Anglesey
LL69,Anglesey
LL70,Anglesey
LL71,Anglesey
LL72,Anglesey
LL73,Anglesey
LL74,Anglesey
LL75,Anglesey
LL76,Anglesey
LL77,Anglesey
LL78,Anglesey
LN1,Lincolnshire
LN10,Lincolnshire
LN11,Lincolnshire
LN12,Lincolnshire
LN13,Lincolnshire
LN2,Lincolnshire
LN3,Lincolnshire
LN4,Lincolnshire
LN5,Lincolnshire
LN6,Lincolnshire
LN7,Lincolnshire
LN8,Lincolnshire
LN9,Lincolnshire
LS1,West Yorkshire
LS10,West Yorkshire
LS11,West Yorkshire
LS12,West Yorkshire
LS13,West Yorkshire
LS14,West Yorkshire
LS15,West Yorkshire
LS16,West Yorkshire
LS17,West Yorkshire
LS18,West Yorkshire
LS19,West Yorkshire
LS2,West Yorkshire
LS20,West Yorkshire
LS21,West Yorkshire
LS22,West Yorkshire
LS23,West Yorkshire
LS24,North Yorkshire
LS25,West Yorkshire
LS26,West Yorkshire
LS27,West Yorkshire
LS28,West Yorkshire
LS29,West Yorkshire
LS3,West Yorkshire
LS4,West Yorkshire
LS5,West Yorkshire
LS6,West Yorkshire
LS7,West Yorkshire
LS8,West Yorkshire
LS9,West Yorkshire
LU1,Bedfordshire
LU2,Bedfordshire
LU3,Bedfordshire
LU4,Bedfordshire
LU5,Bedfordshire
LU6,Bedfordshire
LU7,Bedfordshire
M1,Lancashire
M11,Lancashire
M12,Lancashire
M13,Lancashire
M14,Lancashire
M15,Lancashire
M16,Lancashire
M17,Lancashire
M18,Lancashire
M19,Lancashire
M2,Lancashire
M20,Lancashire
M21,Lancashire
M22,Lancashire
M23,Lancashire
M24,Lancashire
M25,Lancashire
M26,Lancashire
M27,Lancashire
M28,Lancashire
M29,Lancashire
M3,Lancashire
M30,Lancashire
M31,Lancashire
M32,Lancashire
M33,Cheshire
M34,Lancashire
M35,Lancashire
M38,Lancashire
M4,Lancashire
M40,Lancashire
M41,Lancashire
M43,Lancashire
M44,Lancashire
M45,Lancashire
M46,Lancashire
M5,Lancashire
M6,Lancashire
M60,Lancashire
M7,Lancashire
M8,Lancashire
M9,Lancashire
M90,Lancashire
ME1,Kent
ME10,Kent
ME11,Kent
ME12,Kent
ME13,Kent
ME14,Kent
ME15,Kent
ME16,Kent
ME17,Kent
ME18,Kent
ME19,Kent
ME2,Kent
ME20,Kent
ME3,Kent
ME4,Kent
ME5,Kent
ME6,Kent
ME7,Kent
ME8,Kent
ME9,Kent
MK1,Buckinghamshire
MK10,Buckinghamshire
MK11,Buckinghamshire
MK12,Buckinghamshire
MK13,Buckinghamshire
MK14,Buckinghamshire
MK15,Buckinghamshire
MK16,Buckinghamshire
MK17,Buckinghamshire
MK18,Buckinghamshire
MK19,Buckinghamshire
MK2,Buckinghamshire
MK3,Buckinghamshire
MK4,Buckinghamshire
MK40,Bedfordshire
MK41,Bedfordshire
MK42,Bedfordshire
MK43,Bedfordshire
MK44,Bedfordshire
MK45,Bedfordshire
MK46,Buckinghamshire
MK5,Buckinghamshire
MK6,Buckinghamshire
MK7,Buckinghamshire
MK8,Buckinghamshire
MK9,Buckinghamshire
ML1,Lanarkshire
ML10,Lanarkshire
ML11,South Lanarkshire
ML12,Lanarkshire
ML2,Lanarkshire
ML3,Lanarkshire
ML4,Lanarkshire
ML5,Lanarkshire
ML6,Lanarkshire
ML7,Lanarkshire
ML8,Lanarkshire
ML9,Lanarkshire
N1,London
N10,London
N11,London
N12,London
N13,London
N14,London
N15,London
N16,London
N17,London
N18,London
N19,London
N2,London
N20,London
N21,London
N22,London
N3,London
N4,London
N5,London
N6,London
N7,London
N8,London
N9,London
NE1,Northumberland
NE10,County Durham
NE11,County Durham
NE12,Northumberland
NE13,Northumberland
NE15,Northumberland
NE16,Northumberland
NE17,Northumberland
NE18,Northumberland
NE19,Northumberland
NE2,Northumberland
NE20,Northumberland
NE21,County Durham
NE22,Northumberland
NE23,Northumberland
NE24,Northumberland
NE25,Northumberland
NE26,Northumberland
NE27,Northumberland
NE28,Northumberland
NE29,Northumberland
NE3,Northumberland
NE30,Northumberland
NE31,County Durham
NE32,County Durham
NE33,County Durham
NE34,County Durham
NE35,County Durham
NE36,County Durham
NE37,County Durham
NE38,County Durham
NE39,County Durham
NE4,Northumberland
NE40,County Durham
NE41,Northumberland
NE42,Northumberland
NE43,Northumberland
NE44,Northumberland
NE45,Northumberland
NE46,Northumberland
NE47,Northumberland
NE48,Northumberland
NE49,Northumberland
NE5,Northumberland
NE6,Northumberland
NE61,Northumberland
NE62,Northumberland
NE63,Northumberland
NE64,Northumberland
NE65,Northumberland
NE66,Northumberland
NE67,Northumberland
NE68,Northumberland
NE69,Northumberland
NE7,Northumberland
NE70,Northumberland
NE71,Northumberland
NE8,County Durham
NE9,County Durham
NE99,Northumberland
NG1,Nottinghamshire
NG10,Nottinghamshire
NG11,Nottinghamshire
NG12,Nottinghamshire
NG13,Nottinghamshire
NG14,Nottinghamshire
NG15,Nottinghamshire
NG16,Nottinghamshire
NG17,Nottinghamshire
NG18,Nottinghamshire
NG19,Nottinghamshire
NG2,Nottinghamshire
NG20,Nottinghamshire
NG21,Nottinghamshire
NG22,Nottinghamshire
NG23,Nottinghamshire
NG24,Nottinghamshire
NG25,Nottinghamshire
NG3,Nottinghamshire
NG31,Lincolnshire
NG32,Lincolnshire
NG33,Lincolnshire
NG34,Lincolnshire
NG4,Nottinghamshire
NG5,Nottinghamshire
NG6,Nottinghamshire
NG7,Nottinghamshire
NG8,Nottinghamshire
NG9,Nottinghamshire
NN1,Northamptonshire
NN10,Northamptonshire
NN11,Northamptonshire
NN12,Northamptonshire
NN13,Northamptonshire
NN14,Northamptonshire
NN15,Northamptonshire
NN16,Northamptonshire
NN17,Northamptonshire
NN18,Northamptonshire
NN2,Northamptonshire
NN29,Northamptonshire
NN3,Northamptonshire
NN4,Northamptonshire
NN5,Northamptonshire
NN6,Northamptonshire
NN7,Northamptonshire
NN8,Northamptonshire
NN9,Northamptonshire
NP10,Monmouthshire
NP11,Monmouthshire
NP12,Monmouthshire
NP13,Monmouthshire
NP15,Monmouthshire
NP16,Monmouthshire
NP18,Monmouthshire
NP19,Monmouthshire
NP20,Monmouthshire
NP22,Monmouthshire
NP23,Monmouthshire
NP24,Monmouthshire
NP25,Monmouthshire
NP26,Monmouthshire
NP4,Monmouthshire
NP44,Monmouthshire
NP7,Monmouthshire
NP8,Brecknockshire
NR1,Norfolk
NR10,Norfolk
NR11,Norfolk
NR12,Norfolk
NR13,Norfolk
NR14,Norfolk
NR15,Norfolk
NR16,Norfolk
NR17,Norfolk
NR18,Norfolk
NR19,Norfolk
NR2,Norfolk
NR20,Norfolk
NR21,Norfolk
NR22,Norfolk
NR23,Norfolk
NR24,Norfolk
NR25,Norfolk
NR26,Norfolk
NR27,Norfolk
NR28,Norfolk
NR29,Norfolk
NR3,Norfolk
NR30,Norfolk
NR31,Norfolk
NR32,Suffolk
NR33,Suffolk
NR34,Suffolk
NR35,Suffolk
NR4,Norfolk
NR5,Norfolk
NR6,Norfolk
NR8,Norfolk
NR9,Norfolk
NW1,London
NW10,London
NW11,London
NW2,London
NW3,London
NW4,London
NW5,London
NW6,London
NW7,London
NW8,London
NW9,London
OL1,Lancashire
OL10,Lancashire
OL11,Lancashire
OL12,Lancashire
OL13,Lancashire
OL14,Lancashire
OL15,Lancashire
OL16,Lancashire
OL2,Lancashire
OL3,Lancashire
OL4,Lancashire
OL5,Lancashire
OL6,Lancashire
OL7,Lancashire
OL8,Lancashire
OL9,Lancashire
OX1,Oxfordshire
OX10,Berkshire
OX11,Berkshire
OX12,Berkshire
OX13,Berkshire
OX14,Berkshire
OX15,Oxfordshire
OX16,Oxfordshire
OX17,Oxfordshire
OX18,Oxfordshire
OX2,Oxfordshire
OX20,Oxfordshire
OX25,Oxfordshire
OX26,Oxfordshire
OX27,Oxfordshire
OX28,Oxfordshire
OX29,Oxfordshire
OX3,Oxfordshire
OX33,Oxfordshire
OX39,Oxfordshire
OX4,Oxfordshire
OX44,Oxfordshire
OX49,Oxfordshire
OX5,Oxfordshire
OX6,Oxfordshire
OX7,Oxfordshire
OX8,Oxfordshire
OX9,Oxfordshire
PA1,Renfrewshire
PA10,Renfrewshire
PA11,Renfrewshire
PA12,Renfrewshire
PA13,Renfrewshire
PA14,Renfrewshire
PA15,Renfrewshire
PA16,Renfrewshire
PA17,Ayrshire
PA18,Renfrewshire
PA19,Renfrewshire
PA2,Renfrewshire
PA20,Buteshire
PA21,Argyllshire
PA22,Argyllshire
PA23,Argyllshire
PA24,Argyllshire
PA25,Argyllshire
PA26,Argyllshire
PA27,Argyllshire
PA28,Argyllshire
PA29,Argyllshire
PA3,Renfrewshire
PA30,Argyllshire
PA31,Argyllshire
PA32,Argyllshire
PA33,Argyllshire
PA34,Argyllshire
PA35,Argyllshire
PA36,Argyllshire
PA37,Argyllshire
PA38,Argyllshire
PA4,Renfrewshire
PA41,Argyllshire
PA42,Argyllshire
PA43,Argyllshire
PA44,Argyllshire
PA45,Argyllshire
PA46,Argyllshire
PA47,Argyllshire
PA48,Argyllshire
PA49,Argyllshire
PA5,Renfrewshire
PA6,Renfrewshire
PA60,Argyllshire
PA61,Argyllshire
PA62,Argyllshire
PA63,Argyllshire
PA64,Argyllshire
PA65,Argyllshire
PA66,Argyllshire
PA67,Argyllshire
PA68,Argyllshire
PA69,Argyllshire
PA7,Renfrewshire
PA70,Argyllshire
PA71,Argyllshire
PA72,Argyllshire
PA73,Argyllshire
PA74,Argyllshire
PA75,Argyllshire
PA76,Argyllshire
PA77,Argyllshire
PA78,Argyllshire
PA8,Renfrewshire
PA9,Renfrewshire
PE1,Northamptonshire
PE10,Lincolnshire
PE11,Lincolnshire
PE12,Lincolnshire
PE13,Cambridgeshire
PE14,Cambridgeshire
PE15,Cambridgeshire
PE16,Cambridgeshire
PE19,Cambridgeshire
PE2,Northamptonshire
PE20,Lincolnshire
PE21,Lincolnshire
PE22,Lincolnshire
PE23,Lincolnshire
PE24,Lincolnshire
PE25,Lincolnshire
PE26,Cambridgeshire
PE27,Cambridgeshire
PE28,Cambridgeshire
PE29,Cambridgeshire
PE3,Northamptonshire
PE30,Norfolk
PE31,Norfolk
PE32,Norfolk
PE33,Norfolk
PE34,Norfolk
PE35,Norfolk
PE36,Norfolk
PE37,Norfolk
PE38,Norfolk
PE4,Northamptonshire
PE5,Northamptonshire
PE6,Northamptonshire
PE7,Northamptonshire
PE8,Northamptonshire
PE9,Lincolnshire
PH1,Perth and Kinross
PH10,Perthshire
PH11,Perthshire
PH12,Perthshire
PH13,Perthshire
PH14,Perth and Kinross
PH15,Perthshire
PH16,Perthshire
PH17,Perthshire
PH18,Perthshire
PH19,Inverness-shire
PH2,Perth and Kinross
PH20,Inverness-shire
PH21,Inverness-shire
PH22,Highland
PH23,Highland
PH24,Highland
PH25,Inverness-shire
PH26,Highland
PH3,Perthshire
PH30,Inverness-shire
PH31,Inverness-shire
PH32,Inverness-shire
PH33,Inverness-shire
PH34,Inverness-shire
PH35,Inverness-shire
PH36,Argyllshire
PH38,Inverness-shire
PH39,Inverness-shire
PH4,Perthshire
PH40,Inverness-shire
PH41,Inverness-shire
PH42,Inverness-shire
PH43,Inverness-shire
PH44,Inverness-shire
PH49,Argyllshire
PH5,Perthshire
PH50,Argyllshire
PH6,Perthshire
PH7,Perthshire
PH8,Perthshire
PH9,Perthshire
PL1,Devon
PL10,Cornwall
PL11,Cornwall
PL12,Cornwall
PL13,Cornwall
PL14,Cornwall
PL15,Cornwall
PL16,Devon
PL17,Cornwall
PL18,Cornwall
PL19,Devon
PL2,Devon
PL20,Devon
PL21,Devon
PL22,Cornwall
PL23,Cornwall
PL24,Cornwall
PL25,Cornwall
PL26,Cornwall
PL27,Cornwall
PL28,Cornwall
PL29,Cornwall
PL3,Devon
PL30,Cornwall
PL31,Cornwall
PL32,Cornwall
PL33,Cornwall
PL34,Cornwall
PL35,Cornwall
PL4,Devon
PL5,Devon
PL6,Devon
PL7,Devon
PL8,Devon
PL9,Devon
PO1,Hampshire
PO10,Hampshire
PO11,Hampshire
PO12,Hampshire
PO13,Hampshire
PO14,Hampshire
PO15,Hampshire
PO16,Hampshire
PO17,Hampshire
PO18,Sussex
PO19,Sussex
PO2,Hampshire
PO20,Sussex
PO21,Sussex
PO22,Sussex
PO3,Hampshire
PO30,Monmouthshire
PO31,Isle of Wight
PO32,Isle of Wight
PO33,Isle of Wight
PO34,Isle of Wight
PO35,Isle of Wight
PO36,Isle of Wight
PO37,Isle of Wight
PO38,Isle of Wight
PO39,Isle of Wight
PO4,Hampshire
PO40,Isle of Wight
PO41,Isle of Wight
PO5,Hampshire
PO6,Hampshire
PO7,Hampshire
PO8,Hampshire
PO9,Hampshire
PR1,Lancashire
PR2,Lancashire
PR25,Lancashire
PR26,Lancashire
PR3,Lancashire
PR4,Lancashire
PR5,Lancashire
PR6,Lancashire
PR7,Lancashire
PR8,Lancashire
PR9,Lancashire
RG1,Berkshire
RG10,Berkshire
RG12,Berkshire
RG14,Berkshire
RG17,Berkshire
RG18,Berkshire
RG19,Berkshire
RG2,Berkshire
RG20,Berkshire
RG21,Hampshire
RG22,Hampshire
RG23,Hampshire
RG24,Hampshire
RG25,Hampshire
RG26,Hampshire
RG27,Hampshire
RG28,Hampshire
RG29,Hampshire
RG30,Berkshire
RG31,Berkshire
RG4,Berkshire
RG40,Berkshire
RG41,Berkshire
RG42,Berkshire
RG45,Berkshire
RG5,Berkshire
RG6,Berkshire
RG7,Berkshire
RG8,Berkshire
RG9,Oxfordshire
RH1,Surrey
RH10,Sussex
RH11,Sussex
RH12,Sussex
RH13,Sussex
RH14,Sussex
RH15,Sussex
RH16,Sussex
RH17,Sussex
RH18,Sussex
RH19,Sussex
RH2,Surrey
RH20,Sussex
RH3,Surrey
RH4,Surrey
RH5,Surrey
RH6,Surrey
RH7,Surrey
RH8,Surrey
RH9,Surrey
RM1,Essex
RM10,Essex
RM11,Essex
RM12,Essex
RM13,Essex
RM14,Essex
RM15,Essex
RM16,Essex
RM17,Essex
RM18,Essex
RM19,Essex
RM2,Essex
RM20,Essex
RM3,Essex
RM4,Essex
RM5,Essex
RM6,Essex
RM7,Essex
RM8,Essex
RM9,Essex
S1,South Yorkshire
S10,South Yorkshire
S11,South Yorkshire
S12,South Yorkshire
S13,South Yorkshire
S14,South Yorkshire
S17,South Yorkshire
S18,Derbyshire
S2,South Yorkshire
S20,South Yorkshire
S21,South Yorkshire
S25,South Yorkshire
S26,South Yorkshire
S3,South Yorkshire
S32,Derbyshire
S33,Derbyshire
S35,South Yorkshire
S36,South Yorkshire
S4,South Yorkshire
S40,Derbyshire
S41,Derbyshire
S42,Derbyshire
S43,Derbyshire
S44,Derbyshire
S45,Derbyshire
S5,South Yorkshire
S6,South Yorkshire
S60,South Yorkshire
S61,South Yorkshire
S62,South Yorkshire
S63,South Yorkshire
S64,South Yorkshire
S65,South Yorkshire
S66,South Yorkshire
S7,South Yorkshire
S70,South Yorkshire
S71,South Yorkshire
S72,South Yorkshire
S73,South Yorkshire
S74,South Yorkshire
S75,South Yorkshire
S8,South Yorkshire
S80,Nottinghamshire
S81,Nottinghamshire
S9,South Yorkshire
SA1,Swansea
SA10,Glamorgan
SA11,Glamorgan
SA12,Glamorgan
SA13,Glamorgan
SA14,Carmarthenshire
SA15,Carmarthenshire
SA16,Carmarthenshire
SA17,Carmarthenshire
SA18,Carmarthenshire
SA19,Carmarthenshire
SA2,Swansea
SA20,Carmarthenshire
SA3,Swansea
SA31,Carmarthenshire
SA32,Carmarthenshire
SA33,Carmarthenshire
SA34,Carmarthenshire
SA35,Pembrokeshire
SA36,Pembrokeshire
SA37,Pembrokeshire
SA38,Carmarthenshire
SA39,Carmarthenshire
SA4,Glamorgan
SA40,Carmarthenshire
SA41,Pembrokeshire
SA42,Pembrokeshire
SA43,Ceredigion
SA44,Ceredigion
SA45,Ceredigion
SA46,Ceredigion
SA47,Ceredigion
SA48,Ceredigion
SA5,Glamorgan
SA6,Swansea
SA61,Pembrokeshire
SA62,Pembrokeshire
SA63,Pembrokeshire
SA64,Pembrokeshire
SA65,Pembrokeshire
SA66,Carmarthenshire
SA67,Pembrokeshire
SA68,Pembrokeshire
SA69,Pembrokeshire
SA7,Glamorgan
SA70,Pembrokeshire
SA71,Pembrokeshire
SA72,Pembrokeshire
SA73,Pembrokeshire
SA8,Glamorgan
SA9,Glamorgan
SE1,London
SE10,London
SE11,London
SE12,London
SE13,London
SE14,London
SE15,London
SE16,London
SE17,London
SE18,London
SE19,London
SE2,London
SE20,London
SE21,London
SE22,London
SE23,London
SE24,London
SE25,London
SE26,London
SE27,London
SE28,London
SE3,London
SE4,London
SE5,London
SE6,London
SE7,London
SE8,London
SE9,London
SG1,Hertfordshire
SG10,Hertfordshire
SG11,Hertfordshire
SG12,Hertfordshire
SG13,Hertfordshire
SG14,Hertfordshire
SG15,Bedfordshire
SG16,Bedfordshire
SG17,Bedfordshire
SG18,Bedfordshire
SG19,Bedfordshire
SG2,Hertfordshire
SG3,Hertfordshire
SG4,Hertfordshire
SG5,Hertfordshire
SG6,Hertfordshire
SG7,Hertfordshire
SG8,Hertfordshire
SG9,Hertfordshire
SK1,Cheshire
SK10,Cheshire
SK11,Cheshire
SK12,Cheshire
SK13,Derbyshire
SK14,Cheshire
SK15,Cheshire
SK16,Cheshire
SK17,Derbyshire
SK2,Cheshire
SK22,Derbyshire
SK23,Derbyshire
SK3,Cheshire
SK4,Cheshire
SK5,Cheshire
SK6,Cheshire
SK7,Cheshire
SK8,Cheshire
SK9,Cheshire
SL0,Buckinghamshire
SL1,Buckinghamshire
SL2,Buckinghamshire
SL3,Buckinghamshire
SL4,Berkshire
SL5,Berkshire
SL6,Berkshire
SL7,Buckinghamshire
SL8,Buckinghamshire
SL9,Buckinghamshire
SM1,Surrey
SM2,Surrey
SM3,Surrey
SM4,Surrey
SM5,Surrey
SM6,Surrey
SM7,Surrey
SN1,Wiltshire
SN10,Wiltshire
SN11,Wiltshire
SN12,Wiltshire
SN13,Wiltshire
SN14,Wiltshire
SN15,Wiltshire
SN16,Wiltshire
SN2,Wiltshire
SN25,Wiltshire
SN26,Wiltshire
SN3,Wiltshire
SN4,Wiltshire
SN5,Wiltshire
SN6,Wiltshire
SN7,Berkshire
SN8,Wiltshire
SN9,Wiltshire
SO14,Hampshire
SO15,Hampshire
SO16,Hampshire
SO17,Hampshire
SO18,Hampshire
SO19,Hampshire
SO20,Hampshire
SO21,Hampshire
SO22,Hampshire
SO23,Hampshire
SO24,Hampshire
SO30,Hampshire
SO31,Hampshire
SO32,Hampshire
SO40,Hampshire
SO41,Hampshire
SO42,Hampshire
SO43,Hampshire
SO45,Hampshire
SO50,Hampshire
SO51,Hampshire
SO52,Hampshire
SO53,Hampshire
SP1,Wiltshire
SP10,Hampshire
SP11,Hampshire
SP2,Wiltshire
SP3,Wiltshire
SP4,Wiltshire
SP5,Wiltshire
SP6,Hampshire
SP7,Dorset
SP8,Dorset
SP9,Hampshire
SR1,County Durham
SR2,County Durham
SR3,County Durham
SR4,County Durham
SR5,County Durham
SR6,County Durham
SR7,County Durham
SR8,County Durham
SR9,County Durham
SS0,Essex
SS1,Essex
SS11,Essex
SS12,Essex
SS13,Essex
SS14,Essex
SS15,Essex
SS16,Essex
SS17,Essex
SS2,Essex
SS3,Essex
SS4,Essex
SS5,Essex
SS6,Essex
SS7,Essex
SS8,Essex
SS9,Essex
ST1,Staffordshire
ST10,Staffordshire
ST11,Staffordshire
ST12,Staffordshire
ST13,Staffordshire
ST14,Staffordshire
ST15,Staffordshire
ST16,Staffordshire
ST17,Staffordshire
ST18,Staffordshire
ST19,Staffordshire
ST2,Staffordshire
ST20,Staffordshire
ST21,Staffordshire
ST3,Staffordshire
ST4,Staffordshire
ST5,Staffordshire
ST6,Staffordshire
ST7,Staffordshire
ST8,Staffordshire
ST9,Staffordshire
SW1,London
SW10,London
SW11,London
SW12,London
SW13,London
SW14,London
SW15,London
SW16,London
SW17,London
SW18,London
SW19,London
SW1A,London
SW1E,London
SW1H,London
SW1P,London
SW1V,London
SW1W,London
SW1X,London
SW1Y,London
SW2,London
SW20,London
SW3,London
SW4,London
SW5,London
SW6,London
SW7,London
SW8,London
SW9,London
SY1,Shropshire
SY10,Shropshire
SY11,Shropshire
SY12,Shropshire
SY13,Shropshire
SY14,Cheshire
SY15,Powys
SY16,Montgomeryshire
SY17,Montgomeryshire
SY18,Montgomeryshire
SY19,Montgomeryshire
SY2,Shropshire
SY20,Montgomeryshire
SY21,Montgomeryshire
SY22,Montgomeryshire
SY23,Ceredigion
SY24,Ceredigion
SY25,Ceredigion
SY3,Shropshire
SY4,Shropshire
SY5,Shropshire
SY6,Shropshire
SY7,Shropshire
SY8,Shropshire
SY9,Shropshire
TA1,Somerset
TA10,Somerset
TA11,Somerset
TA12,Somerset
TA13,Somerset
TA14,Somerset
TA15,Somerset
TA16,Somerset
TA17,Somerset
TA18,Somerset
TA19,Somerset
TA2,Somerset
TA20,Somerset
TA21,Somerset
TA22,Somerset
TA23,Somerset
TA24,Somerset
TA3,Somerset
TA4,Somerset
TA5,Somerset
TA6,Somerset
TA7,Somerset
TA8,Somerset
TA9,Somerset
TD1,Selkirkshire
TD10,Berwickshire
TD11,Berwickshire
TD12,Northumberland
TD13,Berwickshire
TD14,Berwickshire
TD15,Northumberland
TD2,Berwickshire
TD3,Berwickshire
TD4,Berwickshire
TD5,Roxburghshire
TD6,Roxburghshire
TD7,Scottish Borders
TD8,Roxburghshire
TD9,Roxburghshire
TF1,Shropshire
TF10,Shropshire
TF11,Shropshire
TF12,Shropshire
TF13,Shropshire
TF2,Shropshire
TF3,Shropshire
TF4,Shropshire
TF5,Shropshire
TF6,Shropshire
TF7,Shropshire
TF8,Shropshire
TF9,Shropshire
TN1,Kent
TN10,Kent
TN11,Kent
TN12,Kent
TN13,Kent
TN14,Kent
TN15,Kent
TN16,Kent
TN17,Kent
TN18,Kent
TN19,Sussex
TN2,Kent
TN20,Sussex
TN21,Sussex
TN22,Sussex
TN23,Kent
TN24,Kent
TN25,Kent
TN26,Kent
TN27,Kent
TN28,Kent
TN29,Kent
TN3,Kent
TN30,Kent
TN31,Sussex
TN32,Sussex
TN33,Sussex
TN34,Sussex
TN35,Sussex
TN36,Sussex
TN37,East Sussex
TN38,East Sussex
TN39,Sussex
TN4,Kent
TN40,Sussex
TN5,Sussex
TN6,Sussex
TN7,Sussex
TN8,Kent
TN9,Kent
TQ1,Devon
TQ10,Devon
TQ11,Devon
TQ12,Devon
TQ13,Devon
TQ14,Devon
TQ2,Devon
TQ3,Devon
TQ4,Devon
TQ5,Devon
TQ6,Devon
TQ7,Devon
TQ8,Devon
TQ9,Devon
TR1,Cornwall
TR10,Cornwall
TR11,Cornwall
TR12,Cornwall
TR13,Cornwall
TR14,Cornwall
TR15,Cornwall
TR16,Cornwall
TR17,Cornwall
TR18,Cornwall
TR19,Cornwall
TR2,Cornwall
TR20,Cornwall
TR21,Isles of Scilly
TR22,Isles of Scilly
TR23,Isles of Scilly
TR24,Isles of Scilly
TR25,Isles of Scilly
TR26,Cornwall
TR27,Cornwall
TR3,Cornwall
TR4,Cornwall
TR5,Cornwall
TR6,Cornwall
TR7,Cornwall
TR8,Cornwall
TR9,Cornwall
TS1,North Yorkshire
TS10,North Yorkshire
TS11,North Yorkshire
TS12,North Yorkshire
TS13,North Yorkshire
TS14,North Yorkshire
TS15,North Yorkshire
TS16,County Durham
TS17,County Durham
TS18,County Durham
TS19,County Durham
TS2,North Yorkshire
TS20,County Durham
TS21,County Durham
TS22,County Durham
TS23,County Durham
TS24,County Durham
TS25,County Durham
TS26,County Durham
TS27,County Durham
TS28,County Durham
TS29,County Durham
TS3,North Yorkshire
TS4,North Yorkshire
TS5,North Yorkshire
TS6,North Yorkshire
TS7,North Yorkshire
TS8,North Yorkshire
TS9,North Yorkshire
TW1,Middlesex
TW10,Surrey
TW11,Middlesex
TW12,Middlesex
TW13,Middlesex
TW14,Middlesex
TW15,Middlesex
TW16,Middlesex
TW17,Middlesex
TW18,Middlesex
TW19,Middlesex
TW2,Middlesex
TW20,Surrey
TW3,Middlesex
TW4,Middlesex
TW5,Middlesex
TW6,Middlesex
TW7,Middlesex
TW8,Middlesex
TW9,Surrey
UB1,Middlesex
UB10,Middlesex
UB11,Middlesex
UB2,Middlesex
UB3,Middlesex
UB4,Middlesex
UB5,Middlesex
UB6,Middlesex
UB7,Middlesex
UB8,Middlesex
UB9,Middlesex
W1,London
W10,London
W11,London
W12,London
W13,London
W14,London
W1B,London
W1C,London
W1D,London
W1F,London
W1G,London
W1H,London
W1J,London
W1K,London
W1M,London
W1S,London
W1T,London
W1U,London
W1W,London
W2,London
W3,London
W4,London
W5,London
W6,London
W7,London
W8,London
W9,London
WA1,Lancashire
WA10,Merseyside
WA11,Merseyside
WA12,Lancashire
WA13,Cheshire
WA14,Cheshire
WA15,Cheshire
WA16,Cheshire
WA2,Lancashire
WA3,Lancashire
WA4,Lancashire
WA5,Lancashire
WA6,Cheshire
WA7,Cheshire
WA8,Lancashire
WA9,Merseyside
WC1,London
WC1A,London
WC1B,London
WC1E,London
WC1H,London
WC1N,London
WC1R,London
WC1V,London
WC1X,London
WC2,London
WC2A,London
WC2B,London
WC2E,London
WC2H,London
WC2N,London
WC2R,London
WD1,Hertfordshire
WD17,Hertfordshire
WD18,Hertfordshire
WD19,Hertfordshire
WD2,Hertfordshire
WD23,Hertfordshire
WD24,Hertfordshire
WD25,Hertfordshire
WD3,Hertfordshire
WD4,Hertfordshire
WD5,Hertfordshire
WD6,Hertfordshire
WD7,Hertfordshire
WF1,West Yorkshire
WF10,West Yorkshire
WF11,West Yorkshire
WF12,West Yorkshire
WF13,West Yorkshire
WF14,West Yorkshire
WF15,West Yorkshire
WF16,West Yorkshire
WF17,West Yorkshire
WF2,West Yorkshire
WF3,West Yorkshire
WF4,West Yorkshire
WF5,West Yorkshire
WF6,West Yorkshire
WF7,West Yorkshire
WF8,West Yorkshire
WF9,West Yorkshire
WN1,Lancashire
WN2,Lancashire
WN3,Lancashire
WN4,Lancashire
WN5,Lancashire
WN6,Lancashire
WN7,Lancashire
WN8,Lancashire
WR1,Worcestershire
WR10,Worcestershire
WR11,Worcestershire
WR12,Worcestershire
WR13,Worcestershire
WR14,Worcestershire
WR15,Worcestershire
WR2,Worcestershire
WR3,Worcestershire
WR4,Worcestershire
WR5,Worcestershire
WR6,Worcestershire
WR7,Worcestershire
WR8,Worcestershire
WR9,Worcestershire
WS1,Staffordshire
WS10,Staffordshire
WS11,Staffordshire
WS12,Staffordshire
WS13,Staffordshire
WS14,Staffordshire
WS15,Staffordshire
WS2,Staffordshire
WS3,Staffordshire
WS4,Staffordshire
WS5,Staffordshire
WS6,Staffordshire
WS7,Staffordshire
WS8,Staffordshire
WS9,Staffordshire
WV1,Staffordshire
WV10,Staffordshire
WV11,Staffordshire
WV12,Staffordshire
WV13,Staffordshire
WV14,Staffordshire
WV15,Shropshire
WV16,Shropshire
WV2,Staffordshire
WV3,Staffordshire
WV4,Staffordshire
WV5,Staffordshire
WV6,Staffordshire
WV7,Staffordshire
WV8,Staffordshire
WV9,Staffordshire
YO1,North Yorkshire
YO10,North Yorkshire
YO11,North Yorkshire
YO12,North Yorkshire
YO13,North Yorkshire
YO14,North Yorkshire
YO15,East Yorkshire
YO16,East Yorkshire
YO17,North Yorkshire
YO18,North Yorkshire
YO19,North Yorkshire
YO21,North Yorkshire
YO22,North Yorkshire
YO23,North Yorkshire
YO24,North Yorkshire
YO25,East Yorkshire
YO26,North Yorkshire
YO30,North Yorkshire
YO31,North Yorkshire
YO32,North Yorkshire
YO41,North Yorkshire
YO42,North Yorkshire
YO43,North Yorkshire
YO51,North Yorkshire
YO60,North Yorkshire
YO61,North Yorkshire
YO62,North Yorkshire
YO7,North Yorkshire
YO8,North Yorkshire
ZE1,Shetland
ZE2,Shetland
ZE3,Shetland
