BR1,London
BR2,London
BR3,London
BR4,London
BR5,London
BR6,London
BR7,London
BR8,London
CM13,London
CM14,London
CM22,London
CM23,London
CM24,London
CR0,London
CR2,London
CR3,London
CR4,London
CR44,London
CR5,London
CR6,London
CR7,London
CR8,London
CR9,London
CR90,London
DA1,London
DA14,London
DA15,London
DA16,London
DA17,London
DA18,London
DA5,London
DA6,London
DA7,London
DA8,London
E1,London
E10,London
E11,London
E12,London
E13,London
E14,London
E15,London
E16,London
E17,London
E18,London
E1W,London
E2,London
E20,London
E3,London
E4,London
E5,London
E6,London
E7,London
E77,London
E8,London
E9,London
E98,London
EC1A,London
EC1M,London
EC1N,London
EC1P,London
EC1R,London
EC1V,London
EC1Y,London
EC2A,London
EC2M,London
EC2N,London
EC2P,London
EC2R,London
EC2V,London
EC2Y,London
EC3A,London
EC3B,London
EC3M,London
EC3N,London
EC3P,London
EC3R,London
EC3V,London
EC4A,London
EC4M,London
EC4N,London
EC4P,London
EC4R,London
EC4V,London
EC4Y,London
EC50,London
EC88,London
EN1,London
EN2,London
EN3,London
EN4,London
EN5,London
EN6,London
EN7,London
EN8,London
EN9,London
HA0,London
HA1,London
HA2,London
HA3,London
HA4,London
HA5,London
HA6,London
HA7,London
HA8,London
HA9,London
IG1,London
IG11,London
IG2,London
IG3,London
IG4,London
IG5,London
IG6,London
IG7,London
IG8,London
IG9,London
KT1,London
KT17,London
KT18,London
KT19,London
KT2,London
KT22,London
KT3,London
KT4,London
KT5,London
KT6,London
KT7,London
KT8,London
KT9,London
N1,London
N10,London
N11,London
N12,London
N13,London
N14,London
N15,London
N16,London
N17,London
N18,London
N19,London
N1C,London
N1P,London
N2,London
N20,London
N21,London
N22,London
N3,London
N4,London
N5,London
N6,London
N7,London
N8,London
N81,London
N9,London
NW1,London
NW10,London
NW11,London
NW1W,London
NW2,London
NW26,London
NW3,London
NW4,London
NW5,London
NW6,London
NW7,London
NW8,London
NW9,London
RM1,London
RM10,London
RM11,London
RM12,London
RM13,London
RM14,London
RM15,London
RM2,London
RM3,London
RM4,London
RM5,London
RM50,London
RM6,London
RM7,London
RM8,London
RM9,London
SE1,London
SE10,London
SE11,London
SE12,London
SE13,London
SE14,London
SE15,London
SE16,London
SE17,London
SE18,London
SE19,London
SE1P,London
SE2,London
SE20,London
SE21,London
SE22,London
SE23,London
SE24,London
SE25,London
SE26,London
SE27,London
SE28,London
SE3,London
SE4,London
SE5,London
SE6,London
SE7,London
SE8,London
SE9,London
SE99,London
SM1,London
SM2,London
SM3,London
SM4,London
SM5,London
SM6,London
SM7,London
SW10,London
SW11,London
SW12,London
SW13,London
SW14,London
SW15,London
SW16,London
SW17,London
SW18,London
SW19,London
SW1A,London
SW1E,London
SW1H,London
SW1P,London
SW1V,London
SW1W,London
SW1X,London
SW1Y,London
SW2,London
SW20,London
SW3,London
SW4,London
SW5,London
SW6,London
SW7,London
SW8,London
SW9,London
SW95,London
SW99,London
TN14,London
TN16,London
TW1,London
TW10,London
TW11,London
TW12,London
TW13,London
TW14,London
TW15,London
TW19,London
TW2,London
TW3,London
TW4,London
TW5,London
TW6,London
TW7,London
TW8,London
TW9,London
UB1,London
UB10,London
UB11,London
UB18,London
UB2,London
UB3,London
UB4,London
UB5,London
UB6,London
UB7,London
UB8,London
UB9,London
W1,London
W10,London
W11,London
W12,London
W13,London
W14,London
W1A,London
W1B,London
W1C,London
W1D,London
W1F,London
W1G,London
W1H,London
W1J,London
W1K,London
W1M,London
W1N,London
W1P,London
W1R,London
W1S,London
W1T,London
W1U,London
W1V,London
W1W,London
W1X,London
W1Y,London
W2,London
W3,London
W4,London
W5,London
W6,London
W7,London
W8,London
W9,London
WC1A,London
WC1B,London
WC1E,London
WC1H,London
WC1N,London
WC1R,London
WC1V,London
WC1X,London
WC2A,London
WC2B,London
WC2E,London
WC2H,London
WC2N,London
WC2R,London
WC99,London
WD2,London
WD23,London
WD3,London
WD6,London
